RESIDUE_ID,VDW,ELE,GB,SA,TOTAL,Mutation,score_method
lig-rec,-90.47,-344.69,359.86,-13.83,-89.13,Raw,MM/GBSA
R-B-ASN-1,-0.02,-12.4,12.76,0.0,0.34,Raw,MM/GBSA
R-B-PRO-2,-0.05,0.2,-0.17,0.0,-0.01,Raw,MM/GBSA
R-B-PRO-3,-0.05,0.13,-0.09,0.0,-0.01,Raw,MM/GBSA
R-B-THR-4,-0.01,0.22,-0.17,0.0,0.04,Raw,MM/GBSA
R-B-PHE-5,-0.02,0.08,-0.08,0.0,-0.02,Raw,MM/GBSA
R-B-SER-6,-0.0,-0.06,0.07,0.0,0.0,Raw,MM/GBSA
R-B-PRO-7,-0.0,-0.12,0.13,0.0,0.0,Raw,MM/GBSA
R-B-ALA-8,-0.0,-0.16,0.17,0.0,-0.0,Raw,MM/GBSA
R-B-LEU-9,-0.0,0.08,-0.07,0.0,-0.0,Raw,MM/GBSA
R-B-LEU-10,-0.0,-0.03,0.04,0.0,-0.0,Raw,MM/GBSA
R-B-VAL-11,-0.0,0.03,-0.03,0.0,-0.0,Raw,MM/GBSA
R-B-VAL-12,-0.0,-0.0,0.0,0.0,-0.0,Raw,MM/GBSA
R-B-THR-13,0.0,0.01,-0.01,0.0,0.0,Raw,MM/GBSA
R-B-GLU-14,-0.0,1.44,-1.42,0.0,0.02,Raw,MM/GBSA
R-B-GLY-15,-0.0,0.01,-0.01,0.0,0.0,Raw,MM/GBSA
R-B-ASP-16,-0.0,1.71,-1.69,0.0,0.02,Raw,MM/GBSA
R-B-ASN-17,-0.0,-0.09,0.1,0.0,0.0,Raw,MM/GBSA
R-B-ALA-18,-0.0,-0.06,0.06,0.0,0.0,Raw,MM/GBSA
R-B-THR-19,-0.0,-0.04,0.05,0.0,0.01,Raw,MM/GBSA
R-B-PHE-20,-0.01,0.02,-0.01,0.0,-0.01,Raw,MM/GBSA
R-B-THR-21,-0.0,-0.16,0.18,0.0,0.01,Raw,MM/GBSA
R-B-CYS-22,-0.01,-0.05,0.07,0.0,0.01,Raw,MM/GBSA
R-B-SER-23,-0.01,-0.16,0.18,0.0,0.01,Raw,MM/GBSA
R-B-PHE-24,-0.03,-0.38,0.37,0.0,-0.04,Raw,MM/GBSA
R-B-SER-25,-0.01,0.13,-0.08,0.0,0.05,Raw,MM/GBSA
R-B-ASN-26,-0.03,-0.19,0.34,0.0,0.12,Raw,MM/GBSA
R-B-THR-27,-0.02,-0.18,0.29,0.0,0.09,Raw,MM/GBSA
R-B-SER-28,-0.05,-0.55,0.76,0.0,0.16,Raw,MM/GBSA
R-B-GLU-29,-0.06,16.13,-15.57,0.0,0.49,Raw,MM/GBSA
R-B-SER-30,-0.17,0.02,0.18,0.0,0.04,Raw,MM/GBSA
R-B-PHE-31,-0.16,0.2,0.02,0.0,0.06,Raw,MM/GBSA
R-B-VAL-32,-0.81,0.67,-0.5,-0.16,-0.79,Raw,MM/GBSA
R-B-LEU-33,-0.14,0.08,-0.02,0.0,-0.08,Raw,MM/GBSA
R-B-ASN-34,-1.26,-4.92,4.46,-0.06,-1.79,Raw,MM/GBSA
R-B-TRP-35,-0.15,0.8,-0.79,0.0,-0.14,Raw,MM/GBSA
R-B-TYR-36,-1.77,-6.58,3.32,-0.29,-5.33,Raw,MM/GBSA
R-B-ARG-37,-0.1,0.26,-0.02,0.0,0.14,Raw,MM/GBSA
R-B-MET-38,-0.28,-0.27,0.34,-0.01,-0.21,Raw,MM/GBSA
R-B-SER-39,-0.14,-1.19,1.42,-0.0,0.09,Raw,MM/GBSA
R-B-PRO-40,-0.06,-0.26,0.32,0.0,-0.01,Raw,MM/GBSA
R-B-SER-41,-0.2,-1.22,1.68,-0.01,0.25,Raw,MM/GBSA
R-B-ASN-42,-1.18,-3.21,4.68,-0.25,0.04,Raw,MM/GBSA
R-B-GLN-43,-3.23,-18.13,14.41,-0.78,-7.73,Raw,MM/GBSA
R-B-THR-44,-2.32,-3.82,5.51,-0.28,-0.91,Raw,MM/GBSA
R-B-ASP-45,-0.83,-16.84,16.83,-0.17,-1.01,Raw,MM/GBSA
R-B-LYS-46,-2.91,-24.5,26.56,-0.55,-1.41,Raw,MM/GBSA
R-B-LEU-47,-0.14,-0.82,1.0,0.0,0.04,Raw,MM/GBSA
R-B-ALA-48,-0.16,0.65,-0.41,0.0,0.08,Raw,MM/GBSA
R-B-ALA-49,-0.31,-0.68,0.69,-0.01,-0.31,Raw,MM/GBSA
R-B-PHE-50,-0.09,0.13,-0.07,0.0,-0.03,Raw,MM/GBSA
R-B-PRO-51,-0.18,-0.13,0.37,-0.0,0.05,Raw,MM/GBSA
R-B-GLU-52,-2.46,-11.7,13.21,-0.48,-1.43,Raw,MM/GBSA
R-B-ASP-53,-0.11,1.14,-1.06,0.0,-0.03,Raw,MM/GBSA
R-B-ARG-54,-0.04,-3.24,3.31,0.0,0.03,Raw,MM/GBSA
R-B-SER-55,-0.08,0.33,-0.07,0.0,0.18,Raw,MM/GBSA
R-B-GLN-56,-0.96,-0.14,1.24,-0.19,-0.05,Raw,MM/GBSA
R-B-PRO-57,-0.22,1.3,-1.28,-0.05,-0.25,Raw,MM/GBSA
R-B-GLY-58,-0.18,1.43,-1.25,-0.09,-0.09,Raw,MM/GBSA
R-B-GLN-59,-0.04,0.84,-0.79,0.0,0.01,Raw,MM/GBSA
R-B-ASP-60,-0.02,-0.25,0.32,0.0,0.06,Raw,MM/GBSA
R-B-SER-61,-0.02,0.58,-0.5,0.0,0.06,Raw,MM/GBSA
R-B-ARG-62,-0.01,-0.1,0.15,0.0,0.04,Raw,MM/GBSA
R-B-PHE-63,-0.03,0.11,-0.06,0.0,0.02,Raw,MM/GBSA
R-B-ARG-64,-0.02,-2.31,2.34,0.0,0.02,Raw,MM/GBSA
R-B-VAL-65,-0.02,-0.15,0.17,0.0,-0.0,Raw,MM/GBSA
R-B-THR-66,-0.01,-0.15,0.16,0.0,0.0,Raw,MM/GBSA
R-B-GLN-67,-0.01,-0.19,0.21,0.0,0.01,Raw,MM/GBSA
R-B-LEU-68,-0.0,0.2,-0.19,0.0,0.0,Raw,MM/GBSA
R-B-PRO-69,-0.0,0.16,-0.16,0.0,0.0,Raw,MM/GBSA
R-B-ASN-70,-0.0,0.23,-0.23,0.0,0.0,Raw,MM/GBSA
R-B-GLY-71,-0.0,0.07,-0.05,0.0,0.01,Raw,MM/GBSA
R-B-ARG-72,-0.01,-5.5,5.44,0.0,-0.06,Raw,MM/GBSA
R-B-ASP-73,-0.0,5.08,-4.99,0.0,0.08,Raw,MM/GBSA
R-B-PHE-74,-0.02,0.01,-0.01,0.0,-0.01,Raw,MM/GBSA
R-B-HIE-75,-0.01,0.09,-0.07,0.0,0.01,Raw,MM/GBSA
R-B-MET-76,-0.02,0.06,-0.03,0.0,0.01,Raw,MM/GBSA
R-B-SER-77,-0.01,-0.02,0.04,0.0,0.01,Raw,MM/GBSA
R-B-VAL-78,-0.01,0.07,-0.07,0.0,-0.0,Raw,MM/GBSA
R-B-VAL-79,-0.0,-0.07,0.07,0.0,-0.0,Raw,MM/GBSA
R-B-ARG-80,-0.0,-1.52,1.51,0.0,-0.02,Raw,MM/GBSA
R-B-ALA-81,-0.0,0.03,-0.03,0.0,-0.0,Raw,MM/GBSA
R-B-ARG-82,-0.0,-0.57,0.57,0.0,0.0,Raw,MM/GBSA
R-B-ARG-83,-0.0,-1.49,1.47,0.0,-0.02,Raw,MM/GBSA
R-B-ASN-84,-0.0,0.05,-0.02,0.0,0.03,Raw,MM/GBSA
R-B-ASP-85,-0.01,0.34,-0.32,0.0,0.01,Raw,MM/GBSA
R-B-SER-86,-0.0,-0.03,0.05,0.0,0.02,Raw,MM/GBSA
R-B-GLY-87,-0.0,0.16,-0.12,0.0,0.04,Raw,MM/GBSA
R-B-THR-88,-0.03,0.06,0.03,0.0,0.06,Raw,MM/GBSA
R-B-TYR-89,-0.04,-0.08,0.12,0.0,0.0,Raw,MM/GBSA
R-B-LEU-90,-0.39,0.57,-0.5,-0.0,-0.32,Raw,MM/GBSA
R-B-CYS-91,-0.12,-1.38,1.45,0.0,-0.05,Raw,MM/GBSA
R-B-GLY-92,-0.23,0.02,0.18,-0.01,-0.05,Raw,MM/GBSA
R-B-ALA-93,-0.21,-0.49,0.76,0.0,0.06,Raw,MM/GBSA
R-B-ILE-94,-3.29,-0.66,0.84,-0.3,-3.41,Raw,MM/GBSA
R-B-SER-95,-0.58,-1.01,1.79,0.0,0.21,Raw,MM/GBSA
R-B-LEU-96,-3.46,2.2,-0.7,-0.57,-2.54,Raw,MM/GBSA
R-B-ALA-97,-0.41,-0.95,1.18,-0.1,-0.28,Raw,MM/GBSA
R-B-PRO-98,-0.44,3.75,-3.02,-0.09,0.21,Raw,MM/GBSA
R-B-LYS-99,-2.76,-30.45,33.09,-0.45,-0.56,Raw,MM/GBSA
R-B-ALA-100,-3.27,-1.44,2.25,-0.59,-3.06,Raw,MM/GBSA
R-B-GLN-101,-1.8,-2.72,3.78,-0.1,-0.84,Raw,MM/GBSA
R-B-ILE-102,-6.12,2.12,-1.29,-0.89,-6.18,Raw,MM/GBSA
R-B-LYS-103,-0.42,-14.28,14.9,0.0,0.2,Raw,MM/GBSA
R-B-GLU-104,0.29,-49.13,40.38,-0.41,-8.87,Raw,MM/GBSA
R-B-SER-105,-0.08,-1.75,1.86,0.0,0.04,Raw,MM/GBSA
R-B-LEU-106,-0.04,-0.27,0.31,0.0,0.0,Raw,MM/GBSA
R-B-ARG-107,-0.5,11.08,-9.36,-0.1,1.13,Raw,MM/GBSA
R-B-ALA-108,-0.01,-0.28,0.28,0.0,-0.02,Raw,MM/GBSA
R-B-GLU-109,-0.01,0.84,-0.76,0.0,0.07,Raw,MM/GBSA
R-B-LEU-110,-0.01,-0.03,0.04,0.0,-0.0,Raw,MM/GBSA
R-B-ARG-111,-0.0,-1.83,1.81,0.0,-0.02,Raw,MM/GBSA
R-B-VAL-112,-0.0,-0.01,0.01,0.0,-0.0,Raw,MM/GBSA
R-B-THR-113,0.0,-0.05,0.05,0.0,-0.0,Raw,MM/GBSA
R-B-GLU-114,-0.0,3.26,-3.22,0.0,0.04,Raw,MM/GBSA
L-A-ALA-1,-2.41,-4.5,9.62,-0.58,2.12,Raw,MM/GBSA
L-A-PHE-2,-0.9,-10.76,6.13,-0.09,-5.62,Raw,MM/GBSA
L-A-THR-3,-0.98,0.11,0.45,-0.12,-0.54,Raw,MM/GBSA
L-A-VAL-4,-0.39,1.54,-1.65,0.0,-0.51,Raw,MM/GBSA
L-A-THR-5,-0.2,-1.09,1.31,-0.01,0.01,Raw,MM/GBSA
L-A-VAL-6,-0.34,0.47,-0.35,-0.01,-0.23,Raw,MM/GBSA
L-A-PRO-7,-0.03,0.24,-0.23,0.0,-0.02,Raw,MM/GBSA
L-A-LYS-8,-0.07,5.36,-5.1,0.0,0.19,Raw,MM/GBSA
L-A-ASP-9,-0.47,-11.48,12.32,-0.23,0.14,Raw,MM/GBSA
L-A-LEU-10,-0.08,0.11,-0.05,0.0,-0.02,Raw,MM/GBSA
L-A-TYR-11,-0.04,-0.16,0.18,0.0,-0.02,Raw,MM/GBSA
L-A-VAL-12,-0.01,0.02,-0.02,0.0,-0.0,Raw,MM/GBSA
L-A-VAL-13,-0.0,0.06,-0.06,0.0,-0.0,Raw,MM/GBSA
L-A-GLU-14,-0.0,-5.65,5.59,0.0,-0.07,Raw,MM/GBSA
L-A-TYR-15,-0.0,0.1,-0.1,0.0,0.0,Raw,MM/GBSA
L-A-GLY-16,-0.0,0.14,-0.13,0.0,0.0,Raw,MM/GBSA
L-A-SER-17,-0.0,-0.25,0.25,0.0,-0.0,Raw,MM/GBSA
L-A-ASN-18,-0.0,-0.03,0.04,0.0,0.0,Raw,MM/GBSA
L-A-MET-19,-0.0,0.02,-0.01,0.0,0.01,Raw,MM/GBSA
L-A-THR-20,-0.0,0.09,-0.06,0.0,0.03,Raw,MM/GBSA
L-A-ILE-21,-0.02,-0.09,0.13,0.0,0.02,Raw,MM/GBSA
L-A-GLU-22,-0.02,-5.18,5.21,0.0,0.01,Raw,MM/GBSA
L-A-CYS-23,-0.06,-0.23,0.3,0.0,0.01,Raw,MM/GBSA
L-A-LYS-24,-0.04,3.46,-3.29,0.0,0.12,Raw,MM/GBSA
L-A-PHE-25,-0.06,0.02,0.05,0.0,0.01,Raw,MM/GBSA
L-A-PRO-26,-0.07,-0.29,0.37,0.0,0.01,Raw,MM/GBSA
L-A-VAL-27,-0.02,0.04,-0.01,0.0,0.01,Raw,MM/GBSA
L-A-GLU-28,-0.02,-2.03,2.17,0.0,0.12,Raw,MM/GBSA
L-A-LYS-29,-0.01,2.29,-2.25,0.0,0.04,Raw,MM/GBSA
L-A-GLN-30,-0.0,0.09,-0.06,0.0,0.02,Raw,MM/GBSA
L-A-LEU-31,-0.01,0.18,-0.15,0.0,0.02,Raw,MM/GBSA
L-A-ASP-32,-0.02,-3.64,3.71,0.0,0.06,Raw,MM/GBSA
L-A-LEU-33,-0.02,-0.14,0.16,0.0,0.0,Raw,MM/GBSA
L-A-ALA-34,-0.02,-0.05,0.12,0.0,0.06,Raw,MM/GBSA
L-A-ALA-35,-0.05,0.01,0.15,0.0,0.11,Raw,MM/GBSA
L-A-LEU-36,-0.1,0.12,0.02,0.0,0.05,Raw,MM/GBSA
L-A-ILE-37,-1.81,0.39,-0.3,-0.27,-2.0,Raw,MM/GBSA
L-A-VAL-38,-0.15,-0.12,0.25,0.0,-0.02,Raw,MM/GBSA
L-A-TYR-39,-2.87,1.77,-1.43,-0.26,-2.79,Raw,MM/GBSA
L-A-TRP-40,-0.18,-0.71,0.67,0.0,-0.22,Raw,MM/GBSA
L-A-GLU-41,-0.71,-22.3,23.72,-0.05,0.67,Raw,MM/GBSA
L-A-MET-42,-0.05,-0.79,0.85,0.0,0.0,Raw,MM/GBSA
L-A-GLU-43,-0.05,-13.59,13.59,0.0,-0.05,Raw,MM/GBSA
L-A-ASP-44,-0.13,-25.67,26.11,0.0,0.31,Raw,MM/GBSA
L-A-LYS-45,-0.05,15.79,-15.42,0.0,0.32,Raw,MM/GBSA
L-A-ASN-46,-0.42,-0.74,1.34,-0.07,0.1,Raw,MM/GBSA
L-A-ILE-47,-0.05,-0.14,0.17,0.0,-0.01,Raw,MM/GBSA
L-A-ILE-48,-0.11,-0.63,0.75,0.0,0.02,Raw,MM/GBSA
L-A-GLN-49,-2.23,-3.16,4.35,-0.35,-1.4,Raw,MM/GBSA
L-A-PHE-50,-0.12,-0.39,0.41,0.0,-0.1,Raw,MM/GBSA
L-A-VAL-51,-0.64,-0.2,0.27,-0.11,-0.68,Raw,MM/GBSA
L-A-HIE-52,-0.3,0.34,0.07,-0.06,0.06,Raw,MM/GBSA
L-A-GLY-53,-0.01,0.21,-0.17,0.0,0.04,Raw,MM/GBSA
L-A-GLU-54,-0.03,-8.26,8.28,0.0,-0.01,Raw,MM/GBSA
L-A-GLU-55,-0.04,-14.13,14.05,0.0,-0.13,Raw,MM/GBSA
L-A-ASP-56,-0.26,-18.5,19.14,-0.05,0.33,Raw,MM/GBSA
L-A-LEU-57,-0.03,-0.89,0.93,0.0,0.01,Raw,MM/GBSA
L-A-LYS-58,-0.12,16.06,-15.46,0.0,0.47,Raw,MM/GBSA
L-A-VAL-59,-1.16,-0.65,1.18,-0.25,-0.88,Raw,MM/GBSA
L-A-GLN-60,-0.05,-0.56,0.62,0.0,0.0,Raw,MM/GBSA
L-A-HIE-61,-0.03,1.31,-1.26,0.0,0.02,Raw,MM/GBSA
L-A-SER-62,-0.01,0.38,-0.36,0.0,0.01,Raw,MM/GBSA
L-A-SER-63,-0.0,0.33,-0.31,0.0,0.02,Raw,MM/GBSA
L-A-TYR-64,-0.01,0.36,-0.33,0.0,0.02,Raw,MM/GBSA
L-A-ARG-65,-0.01,13.28,-13.08,0.0,0.19,Raw,MM/GBSA
L-A-GLN-66,-0.0,0.59,-0.58,0.0,0.01,Raw,MM/GBSA
L-A-ARG-67,-0.0,9.94,-9.8,0.0,0.14,Raw,MM/GBSA
L-A-ALA-68,-0.0,0.03,-0.01,0.0,0.02,Raw,MM/GBSA
L-A-ARG-69,-0.01,6.88,-6.75,0.0,0.12,Raw,MM/GBSA
L-A-LEU-70,-0.02,0.0,0.02,0.0,0.0,Raw,MM/GBSA
L-A-LEU-71,-0.01,0.03,-0.02,0.0,0.0,Raw,MM/GBSA
L-A-LYS-72,-0.01,7.72,-7.56,0.0,0.15,Raw,MM/GBSA
L-A-ASP-73,-0.0,-5.32,5.26,0.0,-0.07,Raw,MM/GBSA
L-A-GLN-74,-0.01,0.34,-0.32,0.0,0.02,Raw,MM/GBSA
L-A-LEU-75,-0.02,0.22,-0.19,0.0,0.02,Raw,MM/GBSA
L-A-SER-76,-0.0,0.07,-0.07,0.0,0.0,Raw,MM/GBSA
L-A-LEU-77,-0.01,0.14,-0.11,0.0,0.02,Raw,MM/GBSA
L-A-GLY-78,-0.01,0.17,-0.14,0.0,0.02,Raw,MM/GBSA
L-A-ASN-79,-0.01,-0.05,0.12,0.0,0.06,Raw,MM/GBSA
L-A-ALA-80,-0.02,0.28,-0.23,0.0,0.03,Raw,MM/GBSA
L-A-ALA-81,-0.01,0.02,-0.02,0.0,-0.0,Raw,MM/GBSA
L-A-LEU-82,-0.02,0.37,-0.35,0.0,-0.01,Raw,MM/GBSA
L-A-GLN-83,-0.01,-0.3,0.31,0.0,-0.0,Raw,MM/GBSA
L-A-ILE-84,-0.01,0.23,-0.23,0.0,-0.01,Raw,MM/GBSA
L-A-THR-85,-0.0,-0.35,0.35,0.0,-0.01,Raw,MM/GBSA
L-A-ASP-86,-0.0,-7.51,7.42,0.0,-0.1,Raw,MM/GBSA
L-A-VAL-87,-0.0,0.16,-0.16,0.0,0.0,Raw,MM/GBSA
L-A-LYS-88,-0.0,7.39,-7.29,0.0,0.09,Raw,MM/GBSA
L-A-LEU-89,-0.0,-0.14,0.14,0.0,0.0,Raw,MM/GBSA
L-A-GLN-90,-0.0,-0.37,0.38,0.0,0.01,Raw,MM/GBSA
L-A-ASP-91,-0.01,-9.91,9.81,0.0,-0.11,Raw,MM/GBSA
L-A-ALA-92,-0.01,-0.27,0.3,0.0,0.02,Raw,MM/GBSA
L-A-GLY-93,-0.02,0.33,-0.26,0.0,0.05,Raw,MM/GBSA
L-A-VAL-94,-0.21,-0.48,0.66,-0.08,-0.11,Raw,MM/GBSA
L-A-TYR-95,-0.11,0.81,-0.72,0.0,-0.03,Raw,MM/GBSA
L-A-ARG-96,-2.77,-1.75,2.16,-0.35,-2.71,Raw,MM/GBSA
L-A-CYS-97,-0.46,-0.03,0.74,-0.0,0.25,Raw,MM/GBSA
L-A-MET-98,-3.19,0.22,0.39,-0.42,-2.99,Raw,MM/GBSA
L-A-ILE-99,-0.37,-0.76,0.88,0.0,-0.24,Raw,MM/GBSA
L-A-SER-100,-1.12,0.0,1.14,-0.15,-0.14,Raw,MM/GBSA
L-A-TYR-101,-0.18,-0.32,0.55,0.0,0.05,Raw,MM/GBSA
L-A-GLY-102,-0.61,0.38,0.25,-0.08,-0.06,Raw,MM/GBSA
L-A-GLY-103,-0.76,-3.64,2.34,-0.19,-2.25,Raw,MM/GBSA
L-A-ALA-104,-2.3,-6.87,4.63,-0.47,-5.01,Raw,MM/GBSA
L-A-ASP-105,-2.45,-22.94,22.17,-0.24,-3.46,Raw,MM/GBSA
L-A-TYR-106,-5.87,-7.23,7.26,-0.69,-6.54,Raw,MM/GBSA
L-A-LYS-107,-3.46,-24.62,24.88,-0.58,-3.77,Raw,MM/GBSA
L-A-ARG-108,-2.53,-24.44,18.48,-0.8,-9.29,Raw,MM/GBSA
L-A-ILE-109,-0.31,0.13,-0.23,0.0,-0.41,Raw,MM/GBSA
L-A-THR-110,-0.15,0.51,-0.28,0.0,0.08,Raw,MM/GBSA
L-A-VAL-111,-0.02,-0.13,0.14,0.0,-0.02,Raw,MM/GBSA
L-A-LYS-112,-0.01,6.26,-6.15,0.0,0.1,Raw,MM/GBSA
L-A-VAL-113,-0.0,-0.05,0.05,0.0,-0.0,Raw,MM/GBSA
L-A-ASN-114,-0.0,-0.23,0.23,0.0,-0.0,Raw,MM/GBSA
L-A-ALA-115,-0.0,-5.55,5.48,0.0,-0.07,Raw,MM/GBSA
